{"tenantKey":"thhtqh9ryi","subModuleDetailTag":"{\"1159803562875297823\":{\"1159886365331693569\":{\"custom_browser\":{\"editDisable\":false,\"esbUpdate\":false,\"name\":\"流程主表字段\",\"typeDes\":\"自定义浏览按钮\",\"typeLabel\":\"129686\",\"updateWithRelation\":false}},\"1143568710937092750\":{\"dw_form_sql\":{\"editDisable\":false,\"esbUpdate\":false,\"name\":\"合同类型\",\"typeDes\":\"sql视图(ebuilder-表单)\",\"typeLabel\":\"-1\",\"updateWithRelation\":false}},\"1002096795664052224\":{\"dw_form_sql\":{\"editDisable\":false,\"esbUpdate\":false,\"name\":\"查询流程主表字段(在用，切勿修改)\",\"typeDes\":\"sql视图(ebuilder-表单)\",\"typeLabel\":\"-1\",\"updateWithRelation\":false}},\"1143568680922658593\":{\"custom_browser\":{\"editDisable\":false,\"esbUpdate\":false,\"name\":\"合同类型\",\"typeDes\":\"自定义浏览按钮\",\"typeLabel\":\"129686\",\"updateWithRelation\":false}}}}","ecodeAppMap":"{}","highBaseVersion":"","moduleEcodeMap":"{}","tokenKey":"e92c839dea802e077456198f8311db2d","lowBaseVersion":"","exportTime":"2025-10-17 09:53:07","subModuleOldExport":"{\"1159803562875297823\":{\"dw_form_sql\":{\"1143568710937092750\":\"1083881395837870756\",\"1002096795664052224\":\"1002096795664052224\"},\"custom_browser\":{\"1159886365331693569\":\"1159886365331693569\",\"1143568680922658593\":\"1083881395837870750\"}}}","appType":"INTERNAL","appId":"1159803562875297823","databaseId":"mysql","multilingualismType":"{}","normalAppBaseVersion":"10.0.2504.01","sysVersion":"{\"version\":\"10.0.2504.01\",\"remindDay\":7,\"companyName\":\"广西汽车集团有限公司\",\"crmId\":100504500001074931}","ietype":"ebuilder","exportIdIetype":"{\"1159803562875297823\":\"ebuilder\"}","appName":"泰坦档案集成","ip":"113.13.243.36","employeeId":"7515108099660413316","userName":"姚礼林","homologyMarkerField":"{\"1159803562875297823\":\"1159803562875297823\"}","subHomologyMarkerField":"{\"1159803562875297823\":{\"app_ebridge\":{},\"dw_app_modelSql\":{},\"dw_app_conn\":{},\"custom_browser\":{\"1159886365331693569\":\"1159886365331693569\",\"1143568680922658593\":\"905715642516676608\"},\"dw_esb_conn\":{},\"dw_app_sql\":{},\"dw_form_modelSql\":{},\"ei_normal_table_tag\":{},\"component_datasource\":{},\"custom_browser_app\":{},\"dw_form_conn\":{},\"esb_ebridge_msgpush\":{},\"dw_app_custom\":{},\"dw_report_custom\":{},\"dw_report_conn\":{},\"wfp_external_form_tag\":{},\"dw_esb_custom\":{},\"esb_logic_flow\":{},\"dw_form_sql\":{\"1143568710937092750\":\"750245118446907392\",\"1002096795664052224\":\"1002096795664052224\"},\"dw_esb_modelSql\":{},\"esb_ebridge\":{},\"page_logic_flow\":{},\"dw_esb_sql\":{},\"dw_report_modelSql\":{},\"dw_report_sql\":{},\"dw_form_custom\":{},\"esb_connect\":{},\"esb_app\":{},\"app_ebridge_msgpush\":{},\"component_datasource_app\":{}}}","delvelopInfo":"","subModuleDetail":"{\"1159803562875297823\":{\"1159886365331693569\":{\"editDisable\":false,\"esbUpdate\":false,\"name\":\"流程主表字段\",\"typeDes\":\"自定义浏览按钮\",\"typeLabel\":\"129686\",\"updateWithRelation\":false},\"1143568710937092750\":{\"editDisable\":false,\"esbUpdate\":false,\"name\":\"合同类型\",\"typeDes\":\"sql视图(ebuilder-表单)\",\"typeLabel\":\"-1\",\"updateWithRelation\":false},\"1002096795664052224\":{\"editDisable\":false,\"esbUpdate\":false,\"name\":\"查询流程主表字段(在用，切勿修改)\",\"typeDes\":\"sql视图(ebuilder-表单)\",\"typeLabel\":\"-1\",\"updateWithRelation\":false},\"1143568680922658593\":{\"editDisable\":false,\"esbUpdate\":false,\"name\":\"合同类型\",\"typeDes\":\"自定义浏览按钮\",\"typeLabel\":\"129686\",\"updateWithRelation\":false}}}","exportType":"batch","lowServiceVersion":"","serviceList":"[\"weaver-edcreportd-service\",\"weaver-esb-setting-service\",\"weaver-edcapp-service\",\"weaver-cusapp-service\",\"weaver-bcw-service\",\"weaver-ebuilder-app-service\",\"weaver-data-model-service\",\"weaver-ebuilder-form-service\"]","ietypeModuleDetailMap":"{}","device":"Mozilla/5.0 (Macintosh; Intel Mac OS X 10_15_7) AppleWebKit/537.36 (KHTML, like Gecko) Chrome/141.0.0.0 Safari/537.36 Edg/141.0.0.0","taskId":"1191707314297118721","app_environment":""}