[{"1159803562875297823":[{"recordId":"1159803562875297823","ieType":"ebuilder","dataTableName":[],"hasData":false,"serviceName":"weaver-edcreportd-service","exportId":"1159803562875297823"},{"recordId":"1159803562875297823","ieType":"ebuilder","dataTableName":[],"hasData":false,"serviceName":"weaver-edcapp-service","exportId":"1159803562875297823"},{"recordId":"1159803562875297823","ieType":"ebuilder","dataTableName":["cus_app_ph_sys_view","t_cus_app","t_cus_app_navigation","t_cus_app_system_menu"],"hasData":true,"serviceName":"weaver-cusapp-service","exportId":"1159803562875297823"},{"recordId":"1159803562875297823","ieType":"ebuilder","dataTableName":["ebda_app","ebda_app_ph_ebdcomm_delete","ebda_app_navigation"],"hasData":true,"serviceName":"weaver-ebuilder-app-service","exportId":"1159803562875297823"},{"recordId":"1159803562875297823","ieType":"ebuilder","dataTableName":["custom_browser_info","ebdf_button_action","browser_data_scope","form_view_relate_config","ebdf_permission","ebdf_association_permission","dataset_group","uf_archive_form_file_config","form_layout_version","form_table_field","uf_archive_mxb1","ebdf_button","ebdf_list","ebdd_page_extended","relevance_browser_bean","field_option","form_attachment_config","ebdf_custom_tips","custom_browser_field_info","ebdf_physical_data","uf_archive_wf_config","ebdd_layout_component","ebdf_button_permission","panel_field","ebdf_list_field_action","sub_form_config","form_field_group","ebdf_obj","formdata","uf_archive_transfer_api_config","form_table","relevance_browser_bean_group","dataset","form_layout_multiple","ebdf_data_association","ebdf_import_export_setting","form_style","form_layout_trash","ebdf_field","form_field","ebdf_association_action","form_field_trash","form","form_data_redundancy","ebdf_child_form_field","ebdf_list_field","ebdd_page_layout","uf_archive_pack_conf","ebdf_list_permission","ebdf_option","dataset_connection_relation","sub_form"],"shareTable":[],"hasData":true,"serviceName":"weaver-ebuilder-form-service","exportId":"1159803562875297823"}]}]